,submission_date,state,tot_cases,conf_cases,prob_cases,new_case,pnew_case,tot_death,conf_death,prob_death,new_death,pnew_death,created_at,consent_cases,consent_deaths
0,09/01/2021,ND,118491,107475.0,11016.0,536,66.0,1562,,,1,0.0,09/02/2021 01:49:05 PM,Agree,Not agree
60,05/01/2021,WI,661209,598822.0,62387.0,759,84.0,7569,6841.0,728.0,19,1.0,05/02/2021 02:13:07 PM,Agree,Agree
79,06/01/2021,IL,1382587,1382587.0,0.0,401,0.0,25233,22835.0,2398.0,10,2.0,06/02/2021 02:35:40 PM,Agree,Agree
166,03/01/2021,CT,282626,263448.0,19178.0,2680,284.0,7651,6280.0,1371.0,29,3.0,03/02/2021 02:54:47 PM,Agree,Agree
215,02/01/2021,WA,313551,,,859,71.0,4318,,,33,0.0,02/03/2021 12:00:00 AM,,
269,01/01/2021,WI,522523,483007.0,39516.0,2085,180.0,5254,4869.0,385.0,12,2.0,01/02/2021 02:50:51 PM,Agree,Agree
299,06/01/2021,ID,192305,153906.0,38399.0,227,15.0,2090,1822.0,268.0,0,0.0,06/02/2021 02:35:40 PM,Agree,Agree
443,07/01/2021,NH,99527,,,23,27.0,1372,,,0,0.0,07/02/2021 01:55:07 PM,Not agree,Not agree
461,01/01/2021,ND,92891,89829.0,3062.0,121,22.0,1310,,,1,0.0,01/02/2021 02:50:51 PM,Agree,Not agree
497,07/01/2021,MT,113821,101554.0,12267.0,66,15.0,1666,1666.0,0.0,1,0.0,07/02/2021 01:55:07 PM,Agree,Agree
515,04/01/2021,NV,304112,,,350,0.0,5256,,,7,0.0,04/02/2021 01:56:15 PM,,
588,08/01/2021,NC,1062121,900090.0,162031.0,2505,337.0,13752,12123.0,1629.0,14,2.0,08/01/2021 12:00:00 AM,Agree,Agree
620,03/01/2021,MD,383170,,,468,0.0,8381,8179.0,202.0,11,0.0,03/03/2021 12:00:00 AM,,Agree
641,08/01/2021,NH,100875,,,109,40.0,1387,,,0,0.0,08/02/2021 02:03:57 PM,Not agree,Not agree
646,05/01/2021,ME,61847,46023.0,15824.0,317,221.0,789,763.0,26.0,5,1.0,05/02/2021 02:13:07 PM,Agree,Agree
706,08/01/2021,MI,1016694,908989.0,107705.0,592,74.0,21206,19937.0,1269.0,1,0.0,08/02/2021 12:00:00 AM,Agree,Agree
725,06/01/2021,CT,347563,318234.0,29329.0,57,13.0,8244,6780.0,1464.0,6,3.0,06/02/2021 02:35:40 PM,Agree,Agree
749,03/01/2021,VT,14140,,,96,1.0,204,,,0,0.0,03/03/2021 12:00:00 AM,Not agree,Not agree
811,03/01/2021,GU,7742,,,8,0.0,131,,,1,0.0,03/02/2021 02:54:47 PM,Not agree,Not agree
960,09/01/2021,IL,1528120,1528120.0,0.0,5178,0.0,26535,23979.0,2556.0,35,9.0,09/02/2021 01:49:05 PM,Agree,Agree
1065,01/01/2021,ID,141077,116717.0,24360.0,0,0.0,1436,1269.0,167.0,0,0.0,01/02/2021 02:50:51 PM,Agree,Agree
1096,09/01/2021,GU,10909,,,169,23.0,150,,,0,0.0,09/02/2021 01:49:05 PM,Not agree,Not agree
1121,08/01/2021,MD,469095,,,274,0.0,9828,9609.0,219.0,2,0.0,08/02/2021 02:03:57 PM,,Agree
1194,06/01/2021,VI,3465,,,7,0.0,27,,,0,0.0,06/02/2021 02:35:40 PM,,
1224,07/01/2021,ID,195089,156154.0,38935.0,91,25.0,2154,1877.0,277.0,2,0.0,07/02/2021 01:55:07 PM,Agree,Agree
1228,04/01/2021,VI,2931,,,24,0.0,26,,,0,0.0,04/02/2021 01:56:15 PM,,
1247,05/01/2021,MO,586664,,,991,180.0,8965,,,6,0.0,05/03/2021 12:00:00 AM,Not agree,Not agree
1298,03/01/2021,ND,99957,94684.0,5273.0,105,44.0,1447,,,2,0.0,03/02/2021 02:54:47 PM,Agree,Not agree
1380,04/01/2021,MT,104725,97401.0,7324.0,173,66.0,1438,1438.0,0.0,1,0.0,04/02/2021 01:56:15 PM,Agree,Agree
1428,06/01/2021,MI,997299,892690.0,104609.0,536,87.0,20624,19401.0,1223.0,17,0.0,06/02/2021 12:00:00 AM,Agree,Agree
1445,06/01/2021,DE,108893,101414.0,7479.0,17,7.0,1661,1519.0,142.0,0,0.0,06/03/2021 12:00:00 AM,Agree,Agree
1466,02/01/2021,IN,628988,,,1721,0.0,12094,11711.0,383.0,49,0.0,02/01/2021 12:00:00 AM,Not agree,Agree
1560,01/01/2021,MO,450801,,,1232,223.0,6899,,,43,0.0,01/03/2021 12:00:00 AM,Not agree,Not agree
1602,08/01/2021,ID,201062,160772.0,40290.0,289,65.0,2201,1917.0,284.0,2,0.0,08/02/2021 02:03:57 PM,Agree,Agree
1804,01/01/2021,IN,517998,,,6300,0.0,9936,9596.0,340.0,88,1.0,01/01/2021 12:00:00 AM,Not agree,Agree
1831,03/01/2021,IL,1187839,1187839.0,0.0,1143,0.0,22759,20536.0,2223.0,24,4.0,03/02/2021 02:54:47 PM,Agree,Agree
1852,09/01/2021,NH,108021,,,332,0.0,1420,,,3,0.0,09/02/2021 01:49:05 PM,Not agree,Not agree
1993,07/01/2021,AL,553765,425949.0,127816.0,303,95.0,11468,9144.0,2324.0,2,0.0,07/03/2021 12:00:00 AM,Agree,Agree
2069,04/01/2021,WI,636908,577712.0,59196.0,867,350.0,7326,6625.0,701.0,11,8.0,04/02/2021 01:56:15 PM,Agree,Agree
2271,05/01/2021,ND,107708,99512.0,8196.0,69,3.0,1494,,,0,0.0,05/02/2021 02:13:07 PM,Agree,Not agree
2339,01/01/2021,WA,250630,,,4217,220.0,3461,,,0,0.0,01/03/2021 12:00:00 AM,,
2358,05/01/2021,AL,539767,416414.0,123353.0,297,104.0,11142,8885.0,2257.0,5,1.0,05/03/2021 12:00:00 AM,Agree,Agree
2437,01/01/2021,AL,391078,311297.0,79781.0,2314,370.0,7263,5964.0,1299.0,82,20.0,01/03/2021 12:00:00 AM,Agree,Agree
2447,07/01/2021,ND,110729,101540.0,9189.0,11,5.0,1528,,,0,0.0,07/02/2021 01:55:07 PM,Agree,Not agree
2505,03/01/2021,NC,865689,752834.0,112855.0,984,250.0,12260,10841.0,1419.0,21,4.0,03/01/2021 12:00:00 AM,Agree,Agree
2515,04/01/2021,IL,1248111,1248111.0,0.0,3526,0.0,23601,21326.0,2275.0,22,-3.0,04/02/2021 01:56:15 PM,Agree,Agree
2562,01/01/2021,CT,185708,174679.0,11029.0,0,0.0,5995,4854.0,1141.0,0,0.0,01/02/2021 02:50:51 PM,Agree,Agree
2651,02/01/2021,AL,485360,378168.0,107192.0,2476,736.0,9624,7688.0,1936.0,54,10.0,02/03/2021 12:00:00 AM,Agree,Agree
2768,09/01/2021,AL,723341,547542.0,175799.0,4385,1173.0,12624,9926.0,2698.0,21,2.0,09/03/2021 12:00:00 AM,Agree,Agree
2826,07/01/2021,VT,22831,,,7,0.0,250,,,0,0.0,07/02/2021 01:55:07 PM,Not agree,Not agree
2842,07/01/2021,IL,1392196,1392196.0,0.0,457,0.0,25687,23237.0,2450.0,13,3.0,07/02/2021 01:55:07 PM,Agree,Agree
2969,04/01/2021,IN,689172,,,1235,0.0,13157,12751.0,406.0,9,0.0,04/01/2021 12:00:00 AM,Not agree,Agree
2998,04/01/2021,CA,3734400,3590831.0,143569.0,2605,196.0,61634,61634.0,0.0,40,0.0,04/01/2021 12:00:00 AM,Agree,Agree
3030,05/01/2021,CT,339669,311645.0,28024.0,436,61.0,8097,6659.0,1438.0,0,0.0,05/02/2021 02:13:07 PM,Agree,Agree
3072,04/01/2021,DE,96286,90640.0,5646.0,382,39.0,1559,1420.0,139.0,0,0.0,04/03/2021 12:00:00 AM,Agree,Agree
3080,01/01/2021,MD,283171,,,2952,0.0,6327,6139.0,188.0,42,0.0,01/03/2021 12:00:00 AM,,Agree
3113,05/01/2021,MI,959049,860261.0,98788.0,2212,241.0,19228,18062.0,1166.0,61,6.0,05/02/2021 12:00:00 AM,Agree,Agree
3177,05/01/2021,ID,187776,150445.0,37331.0,120,24.0,2045,1783.0,262.0,-1,0.0,05/02/2021 02:13:07 PM,Agree,Agree
3234,08/01/2021,CT,355163,324186.0,30977.0,414,80.0,8293,6821.0,1472.0,0,0.0,08/02/2021 02:03:57 PM,Agree,Agree
3260,05/01/2021,NH,95163,,,277,106.0,1304,,,1,0.0,05/02/2021 02:13:07 PM,Not agree,Not agree
3266,02/01/2021,MS,279123,175728.0,103395.0,1222,576.0,6717,4733.0,1984.0,23,14.0,02/03/2021 12:00:00 AM,Agree,Agree
3351,04/01/2021,ME,51191,39155.0,12036.0,403,144.0,744,721.0,23.0,1,0.0,04/02/2021 01:56:15 PM,Agree,Agree
3385,03/01/2021,MO,551834,,,775,303.0,8574,,,6,0.0,03/03/2021 12:00:00 AM,Not agree,Not agree
3437,03/01/2021,ME,44945,35311.0,9634.0,182,101.0,703,680.0,23.0,0,0.0,03/02/2021 02:54:47 PM,Agree,Agree
3456,02/01/2021,IL,1128613,1128613.0,0.0,2312,0.0,21273,19259.0,2014.0,20,4.0,02/02/2021 02:51:51 PM,Agree,Agree
3821,06/01/2021,CA,3838784,3687096.0,151688.0,637,54.0,63182,63182.0,0.0,11,0.0,06/01/2021 12:00:00 AM,Agree,Agree
3857,07/01/2021,NC,1012792,861587.0,151205.0,483,157.0,13538,11936.0,1602.0,5,1.0,07/01/2021 12:00:00 AM,Agree,Agree
3881,06/01/2021,ND,110003,101018.0,8985.0,41,18.0,1512,,,0,0.0,06/02/2021 02:35:40 PM,Agree,Not agree
3916,08/01/2021,AL,596364,455303.0,141061.0,2469,725.0,11714,9326.0,2388.0,19,10.0,08/03/2021 12:00:00 AM,Agree,Agree
3923,08/01/2021,VT,23357,,,52,4.0,251,,,0,0.0,08/02/2021 02:03:57 PM,Not agree,Not agree
3948,09/01/2021,CT,373784,339850.0,33934.0,712,114.0,8358,6882.0,1476.0,0,0.0,09/02/2021 01:49:05 PM,Agree,Agree
3968,05/01/2021,NE,220355,,,89,0.0,2245,,,0,0.0,05/03/2021 12:00:00 AM,Not agree,Not agree
3972,09/01/2021,VI,5934,,,10,0.0,56,,,1,0.0,09/02/2021 01:49:05 PM,,
4005,09/01/2021,MS,443511,259905.0,183606.0,3850,2348.0,8507,5793.0,2714.0,17,3.0,09/02/2021 01:49:05 PM,Agree,Agree
4101,02/01/2021,GU,7610,,,2,0.0,129,,,0,0.0,02/02/2021 02:51:51 PM,Not agree,Not agree
4112,05/01/2021,NV,315705,,,267,0.0,5464,,,0,0.0,05/02/2021 02:13:07 PM,,
4114,03/01/2021,MT,100003,100003.0,0.0,49,0.0,1357,1357.0,0.0,0,0.0,03/02/2021 02:54:47 PM,Agree,Agree
4125,03/01/2021,IN,663151,,,553,0.0,12829,12427.0,402.0,14,0.0,03/01/2021 12:00:00 AM,Not agree,Agree
4182,07/01/2021,MO,621245,,,1220,370.0,9331,,,16,0.0,07/02/2021 01:55:07 PM,Not agree,Not agree
4437,09/01/2021,NC,1239348,1047964.0,191384.0,8393,1339.0,14773,12998.0,1775.0,46,5.0,09/01/2021 12:00:00 AM,Agree,Agree
4440,01/01/2021,GU,7308,,,0,0.0,121,,,0,0.0,01/02/2021 02:50:51 PM,Not agree,Not agree
4604,03/01/2021,MI,690394,626976.0,63418.0,1814,339.0,16664,15675.0,989.0,20,0.0,03/02/2021 12:00:00 AM,Agree,Agree
4618,04/01/2021,ND,103460,96810.0,6650.0,161,77.0,1466,,,0,0.0,04/02/2021 01:56:15 PM,Agree,Not agree
4684,01/01/2021,NH,44028,,,0,0.0,758,,,0,0.0,01/02/2021 02:50:51 PM,Not agree,Not agree
4706,09/01/2021,IN,863299,,,4733,0.0,14520,14078.0,442.0,0,0.0,09/02/2021 01:49:05 PM,Not agree,Agree
4792,05/01/2021,GU,7982,,,7,0.0,136,,,0,0.0,05/02/2021 02:13:07 PM,Not agree,Not agree
4808,08/01/2021,MS,348496,212090.0,136406.0,1665,536.0,7774,5367.0,2407.0,10,4.0,08/03/2021 12:00:00 AM,Agree,Agree
4875,09/01/2021,WI,736263,663132.0,73131.0,2323,430.0,8496,7627.0,869.0,34,6.0,09/02/2021 01:49:05 PM,Agree,Agree
4938,02/01/2021,ID,163165,132858.0,30307.0,482,102.0,1735,1522.0,213.0,10,1.0,02/02/2021 02:51:51 PM,Agree,Agree
5028,06/01/2021,MT,111844,101279.0,10565.0,15,0.0,1613,1613.0,0.0,0,0.0,06/02/2021 02:35:40 PM,Agree,Agree
5100,04/01/2021,ID,180897,145335.0,35562.0,361,98.0,1963,1711.0,252.0,1,0.0,04/02/2021 01:56:15 PM,Agree,Agree
5146,03/01/2021,NV,293980,,,226,0.0,4957,,,0,0.0,03/02/2021 02:54:47 PM,,
5159,03/01/2021,NE,201881,,,426,0.0,2082,,,0,0.0,03/03/2021 12:00:00 AM,Not agree,Not agree
5234,07/01/2021,ME,69069,50519.0,18550.0,15,2.0,860,829.0,31.0,1,0.0,07/02/2021 01:55:07 PM,Agree,Agree
5240,09/01/2021,MD,499648,,,1272,0.0,10040,9817.0,223.0,16,0.0,09/02/2021 01:49:05 PM,,Agree
5296,06/01/2021,VT,22659,,,2,1.0,248,,,0,0.0,06/03/2021 12:00:00 AM,Not agree,Not agree
5360,02/01/2021,MI,655301,598205.0,57096.0,1639,283.0,15864,14914.0,950.0,40,4.0,02/02/2021 12:00:00 AM,Agree,Agree
5415,09/01/2021,MT,128098,113338.0,14760.0,871,199.0,1803,1803.0,0.0,3,0.0,09/02/2021 01:49:05 PM,Agree,Agree
5485,06/01/2021,WA,436984,,,309,36.0,5789,,,24,0.0,06/02/2021 02:35:40 PM,,
5486,01/01/2021,VT,7129,,,163,5.0,147,,,2,0.0,01/03/2021 12:00:00 AM,Not agree,Not agree
5533,07/01/2021,WI,677740,612909.0,64831.0,118,10.0,8134,7314.0,820.0,6,0.0,07/02/2021 01:55:07 PM,Agree,Agree
5545,08/01/2021,NE,229030,,,136,0.0,2280,,,0,0.0,08/03/2021 12:00:00 AM,Not agree,Not agree
5586,07/01/2021,CT,349387,319681.0,29706.0,35,6.0,8279,6807.0,1472.0,1,0.0,07/02/2021 01:55:07 PM,Agree,Agree
5723,06/01/2021,NE,223568,,,47,0.0,2249,,,0,0.0,06/03/2021 12:00:00 AM,Not agree,Not agree
5833,02/01/2021,ME,39959,32118.0,7841.0,417,152.0,618,605.0,13.0,23,3.0,02/02/2021 02:51:51 PM,Agree,Agree
5843,02/01/2021,MO,528477,,,2108,596.0,8135,,,30,0.0,02/03/2021 12:00:00 AM,Not agree,Not agree
6060,04/01/2021,NC,918345,791416.0,126929.0,1948,492.0,12700,11225.0,1475.0,9,0.0,04/01/2021 12:00:00 AM,Agree,Agree
6098,04/01/2021,GU,7812,,,2,0.0,136,,,2,0.0,04/02/2021 01:56:15 PM,Not agree,Not agree
6161,05/01/2021,VT,21556,,,84,5.0,243,,,1,0.0,05/03/2021 12:00:00 AM,Not agree,Not agree
6206,04/01/2021,MI,805607,725178.0,80429.0,6669,873.0,17332,16289.0,1043.0,27,2.0,04/02/2021 12:00:00 AM,Agree,Agree
6239,02/01/2021,WI,592921,543165.0,49756.0,781,31.0,6436,5897.0,539.0,2,1.0,02/02/2021 02:51:51 PM,Agree,Agree
6258,07/01/2021,CA,3872356,3718354.0,154002.0,2012,135.0,63546,63546.0,0.0,10,0.0,07/01/2021 12:00:00 AM,Agree,Agree
6271,01/01/2021,ME,25243,21410.0,3833.0,1042,269.0,358,352.0,6.0,11,0.0,01/02/2021 02:50:51 PM,Agree,Agree
6272,04/01/2021,AL,527574,407811.0,119763.0,399,122.0,10936,8720.0,2216.0,11,0.0,04/03/2021 12:00:00 AM,Agree,Agree
6294,08/01/2021,MO,682738,,,1220,228.0,9667,,,0,0.0,08/02/2021 02:03:57 PM,Not agree,Not agree
6500,02/01/2021,MT,94070,94070.0,0.0,121,0.0,1234,1234.0,0.0,1,0.0,02/02/2021 02:51:51 PM,Agree,Agree
6527,08/01/2021,VI,4646,,,17,0.0,38,,,1,0.0,08/02/2021 02:03:57 PM,,
6767,08/01/2021,WI,688588,622226.0,66362.0,695,56.0,8292,7441.0,851.0,1,0.0,08/02/2021 02:03:57 PM,Agree,Agree
6864,05/01/2021,MD,448989,,,649,0.0,9327,9115.0,212.0,13,0.0,05/03/2021 12:00:00 AM,,Agree
6912,02/01/2021,DC,37008,,,136,0.0,916,,,3,0.0,02/02/2021 02:51:51 PM,,
6920,09/01/2021,NJ,1094249,953616.0,140633.0,2283,470.0,26902,24171.0,2731.0,20,0.0,09/02/2021 01:49:05 PM,Agree,Agree
7021,07/01/2021,NJ,1023613,893155.0,130458.0,218,46.0,26462,23759.0,2703.0,5,0.0,07/02/2021 01:55:07 PM,Agree,Agree
7138,03/01/2021,KY,412784,316374.0,96410.0,976,428.0,6732,6032.0,700.0,10,1.0,03/03/2021 12:00:00 AM,Agree,Agree
7157,08/01/2021,KY,486781,363685.0,123096.0,1159,382.0,7473,6701.0,772.0,7,0.0,08/03/2021 12:00:00 AM,Agree,Agree
7189,08/01/2021,DC,50606,,,104,0.0,1149,,,0,0.0,08/02/2021 02:03:57 PM,,
7228,02/01/2021,LA,401591,,,965,39.0,8912,8340.0,572.0,53,4.0,02/02/2021 02:51:51 PM,Not agree,Agree
7238,07/01/2021,FSM,1,1.0,0.0,0,0.0,0,0.0,0.0,0,0.0,07/02/2021 01:55:07 PM,Agree,Agree
7346,06/01/2021,DC,49000,,,27,0.0,1134,,,2,0.0,06/02/2021 02:35:40 PM,,
7375,04/01/2021,LA,445469,,,536,202.0,10161,9308.0,853.0,20,5.0,04/02/2021 01:56:15 PM,Not agree,Agree
7455,09/01/2021,RI,163083,,,342,0.0,2772,,,0,0.0,09/10/2021 02:24:00 PM,Not agree,
7456,09/01/2021,MN,651388,,,1424,228.0,7910,7386.0,524.0,6,2.0,09/02/2021 01:49:05 PM,,Agree
7670,02/01/2021,KY,375186,292020.0,83166.0,2299,976.0,6156,5518.0,638.0,31,1.0,02/03/2021 12:00:00 AM,Agree,Agree
7717,09/01/2021,AZ,1016663,935453.0,81210.0,4740,291.0,18853,16804.0,2049.0,67,8.0,09/02/2021 01:49:05 PM,Agree,Agree
7739,07/01/2021,VA,680744,529770.0,150974.0,180,82.0,11423,9642.0,1781.0,4,0.0,07/02/2021 01:55:07 PM,Agree,Agree
7768,09/01/2021,SC,741339,600816.0,140523.0,5334,1672.0,10850,,,29,7.0,09/01/2021 12:00:00 AM,Agree,Not agree
7901,09/01/2021,OR,279087,279087.0,0.0,2800,0.0,3221,3221.0,0.0,23,0.0,09/02/2021 01:49:05 PM,Agree,Agree
8132,01/01/2021,VA,358755,299963.0,58792.0,3988,1079.0,5117,4509.0,608.0,36,5.0,01/02/2021 02:50:51 PM,Agree,Agree
8208,01/01/2021,MN,415302,,,0,0.0,5382,5151.0,231.0,0,0.0,01/02/2021 02:50:51 PM,,Agree
8258,01/01/2021,LA,315275,,,0,0.0,7488,7115.0,373.0,0,0.0,01/02/2021 02:50:51 PM,Not agree,Agree
8324,01/01/2021,WY,44409,38010.0,6399.0,0,0.0,438,438.0,0.0,0,0.0,01/02/2021 02:50:51 PM,Agree,Agree
8373,04/01/2021,FSM,1,1.0,0.0,0,0.0,0,0.0,0.0,0,0.0,04/02/2021 01:56:15 PM,Agree,Agree
8561,09/01/2021,LA,692176,,,2476,628.0,12582,11224.0,1358.0,47,10.0,09/02/2021 01:49:05 PM,Not agree,Agree
8610,05/01/2021,KY,447915,338778.0,109137.0,349,88.0,7100,6364.0,736.0,6,2.0,05/03/2021 12:00:00 AM,Agree,Agree
8631,01/01/2021,AZ,530622,504153.0,26469.0,10063,1379.0,9015,8128.0,887.0,151,29.0,01/02/2021 02:50:51 PM,Agree,Agree
8700,02/01/2021,MN,462528,,,721,109.0,6270,5953.0,317.0,2,1.0,02/02/2021 02:51:51 PM,,Agree
8725,05/01/2021,VA,661314,513922.0,147392.0,761,302.0,10791,9073.0,1718.0,14,1.0,05/02/2021 02:13:07 PM,Agree,Agree
8785,08/01/2021,SC,622185,509555.0,112630.0,1891,516.0,9966,,,13,1.0,08/01/2021 12:00:00 AM,Agree,Not agree
8860,04/01/2021,AZ,842817,783279.0,59538.0,381,94.0,16977,15042.0,1935.0,10,-5.0,04/02/2021 01:56:15 PM,Agree,Agree
8949,07/01/2021,MN,605448,,,83,16.0,7692,7179.0,513.0,5,0.0,07/02/2021 01:55:07 PM,,Agree
8962,08/01/2021,NJ,1040281,908132.0,132149.0,928,45.0,26607,23888.0,2719.0,5,0.0,08/02/2021 02:03:57 PM,Agree,Agree
9042,06/01/2021,WY,60364,50840.0,9524.0,58,20.0,720,720.0,0.0,1,0.0,06/02/2021 02:35:40 PM,Agree,Agree
9064,04/01/2021,WY,56389,47735.0,8654.0,79,-2.0,700,700.0,0.0,0,0.0,04/02/2021 01:56:15 PM,Agree,Agree
9211,06/01/2021,AZ,881454,815209.0,66245.0,4,3.0,17628,15684.0,1944.0,0,0.0,06/02/2021 02:35:40 PM,Agree,Agree
9432,09/01/2021,FSM,7,7.0,0.0,0,0.0,0,0.0,0.0,0,0.0,09/02/2021 01:49:05 PM,Agree,Agree
9510,05/01/2021,DC,47748,,,51,0.0,1105,,,0,0.0,05/02/2021 02:13:07 PM,,
9829,08/01/2021,VA,698102,540281.0,157821.0,1236,479.0,11535,9739.0,1796.0,1,0.0,08/02/2021 02:03:57 PM,Agree,Agree
9914,08/01/2021,FSM,7,7.0,0.0,0,0.0,0,0.0,0.0,0,0.0,08/02/2021 02:03:57 PM,Agree,Agree
10030,08/01/2021,RI,154558,,,159,0.0,2742,,,0,0.0,09/10/2021 02:24:00 PM,Not agree,
10056,07/01/2021,LA,482035,,,568,139.0,10748,9725.0,1023.0,10,2.0,07/02/2021 01:55:07 PM,Not agree,Agree
10098,02/01/2021,WY,52057,44454.0,7603.0,145,-5.0,596,596.0,0.0,0,0.0,02/02/2021 02:51:51 PM,Agree,Agree
10127,07/01/2021,WY,62353,52360.0,9993.0,63,19.0,747,747.0,0.0,0,0.0,07/02/2021 01:55:07 PM,Agree,Agree
10206,02/01/2021,VA,510380,408421.0,101959.0,2740,910.0,6517,5684.0,833.0,43,25.0,02/02/2021 02:51:51 PM,Agree,Agree
10531,08/01/2021,AS,0,,,0,0.0,0,,,0,0.0,08/02/2021 02:03:57 PM,,
10614,05/01/2021,FL,2199642,,,3879,1131.0,36033,,,51,1.0,05/01/2021 12:00:00 AM,Not agree,Not agree
10619,03/01/2021,MA,582543,551550.0,30993.0,1395,147.0,16272,15942.0,330.0,53,5.0,03/03/2021 12:00:00 AM,Agree,Agree
10665,03/01/2021,KS,294302,238803.0,55499.0,639,172.0,4744,,,9,1.0,03/02/2021 02:54:47 PM,Agree,
10719,08/01/2021,PR,147877,127977.0,19900.0,351,163.0,2587,2223.0,364.0,3,0.0,08/01/2021 12:00:00 AM,Agree,Agree
10754,08/01/2021,OK,485771,381218.0,104553.0,1404,341.0,7524,6413.0,1111.0,9,1.0,08/02/2021 02:03:57 PM,Agree,Agree
10759,01/01/2021,HI,21258,,,232,0.0,287,,,1,0.0,01/02/2021 02:50:51 PM,Not agree,Not agree
10805,09/01/2021,NYC,1036970,851002.0,185968.0,1785,114.0,33864,28683.0,5181.0,10,-4.0,09/02/2021 01:49:05 PM,Agree,Agree
10866,06/01/2021,UT,406282,406282.0,0.0,112,0.0,2302,2232.0,70.0,0,0.0,06/02/2021 02:35:40 PM,Agree,Agree
10950,08/01/2021,CO,576548,534818.0,41730.0,733,52.0,6951,6154.0,797.0,3,0.0,08/02/2021 02:03:57 PM,Agree,Agree
10976,03/01/2021,AR,322509,,,94,-4.0,5250,,,7,1.0,03/02/2021 02:54:47 PM,Not agree,Not agree
10986,05/01/2021,TX,2886713,,,3486,863.0,49980,,,35,0.0,05/03/2021 12:00:00 AM,Not agree,Not agree
11003,06/01/2021,PW,1,,,0,0.0,0,,,0,0.0,06/02/2021 02:35:40 PM,,
11011,07/01/2021,OK,458483,361445.0,97038.0,303,108.0,7395,6302.0,1093.0,2,0.0,07/02/2021 01:55:07 PM,Agree,Agree
11021,03/01/2021,WV,132048,105464.0,26584.0,193,54.0,2300,,,0,0.0,03/02/2021 02:54:47 PM,Agree,Not agree
11023,04/01/2021,NYC,856282,712677.0,143605.0,4156,984.0,31323,26320.0,5003.0,46,5.0,03/30/2021 12:00:00 AM,Agree,Agree
11192,05/01/2021,PW,0,,,0,0.0,0,,,0,0.0,05/02/2021 02:13:07 PM,,
11209,05/01/2021,HI,32882,,,188,73.0,480,,,0,0.0,05/02/2021 02:13:07 PM,Not agree,Not agree
11218,05/01/2021,MP,168,168.0,0.0,4,0.0,2,2.0,0.0,0,0.0,05/03/2021 12:00:00 AM,Agree,Agree
11265,08/01/2021,PW,2,,,0,0.0,0,,,0,0.0,08/02/2021 02:03:57 PM,,
11340,01/01/2021,FL,1328158,,,9663,1696.0,23704,,,159,12.0,01/01/2021 12:00:00 AM,Not agree,Not agree
11353,04/01/2021,PR,109562,99869.0,9693.0,730,161.0,2136,1817.0,319.0,5,1.0,04/01/2021 12:00:00 AM,Agree,Agree
11413,03/01/2021,FL,1879666,,,6949,2103.0,32550,,,88,8.0,03/01/2021 12:00:00 AM,Not agree,Not agree
11629,05/01/2021,AR,335968,,,243,59.0,5741,,,2,0.0,05/02/2021 02:13:07 PM,Not agree,Not agree
11631,02/01/2021,GA,912479,752448.0,160031.0,3034,453.0,14242,12613.0,1629.0,44,1.0,02/02/2021 02:51:51 PM,Agree,Agree
11688,09/01/2021,UT,466107,466107.0,0.0,1685,0.0,2640,2559.0,81.0,6,1.0,09/02/2021 01:49:05 PM,Agree,Agree
11693,03/01/2021,AS,4,,,0,0.0,0,,,0,0.0,03/02/2021 02:54:47 PM,,
11721,06/01/2021,PR,138741,122149.0,16592.0,58,30.0,2520,2163.0,357.0,3,0.0,06/01/2021 12:00:00 AM,Agree,Agree
11723,08/01/2021,KS,334067,268938.0,65129.0,567,0.0,5261,,,3,0.0,08/02/2021 02:03:57 PM,Agree,
11738,08/01/2021,UT,433963,433963.0,0.0,748,0.0,2461,2389.0,72.0,5,0.0,08/02/2021 02:03:57 PM,Agree,Agree
11870,02/01/2021,CO,397063,377401.0,19662.0,3642,328.0,5641,4932.0,709.0,47,-3.0,02/02/2021 02:51:51 PM,Agree,Agree
11890,09/01/2021,OK,557770,432845.0,124925.0,3274,1374.0,8073,6877.0,1196.0,17,-1.0,09/02/2021 01:49:05 PM,Agree,Agree
11921,02/01/2021,KS,276668,227503.0,49165.0,1983,0.0,3809,,,30,0.0,02/02/2021 02:51:51 PM,Agree,
11956,08/01/2021,TX,3128102,,,2359,310.0,52106,,,21,0.0,08/02/2021 02:03:57 PM,Not agree,Not agree
11972,07/01/2021,CO,558321,519144.0,39177.0,408,56.0,6798,6003.0,795.0,4,1.0,07/02/2021 01:55:07 PM,Agree,Agree
11991,06/01/2021,AS,0,,,0,0.0,0,,,0,0.0,06/02/2021 02:35:40 PM,,
12055,03/01/2021,CO,429839,406219.0,23620.0,1536,44.0,5952,5218.0,734.0,1,0.0,03/02/2021 02:54:47 PM,Agree,Agree
12059,05/01/2021,OK,449371,354570.0,94801.0,201,49.0,7256,6176.0,1080.0,0,0.0,05/02/2021 12:00:00 AM,Agree,Agree
12124,05/01/2021,GA,1101487,880836.0,220651.0,1300,318.0,20212,17578.0,2634.0,22,3.0,05/02/2021 02:13:07 PM,Agree,Agree
12230,09/01/2021,AR,455781,,,2890,0.0,6969,,,35,0.0,09/02/2021 01:49:05 PM,Not agree,Not agree
12356,04/01/2021,AS,0,,,0,0.0,0,,,0,0.0,04/02/2021 01:56:15 PM,,
12379,09/01/2021,WV,191156,147589.0,43567.0,1466,447.0,3106,,,22,7.0,09/02/2021 01:49:05 PM,Agree,Not agree
12386,02/01/2021,TX,2392443,,,31811,3784.0,41422,,,233,0.0,02/03/2021 12:00:00 AM,Not agree,Not agree
12401,06/01/2021,OK,453284,357712.0,95572.0,42,7.0,7316,6234.0,1082.0,0,0.0,06/02/2021 02:35:40 PM,Agree,Agree
12429,05/01/2021,UT,397733,397733.0,0.0,410,0.0,2203,2138.0,65.0,1,0.0,05/02/2021 02:13:07 PM,Agree,Agree
12613,03/01/2021,PR,101170,93343.0,7827.0,24,13.0,2068,1755.0,313.0,4,1.0,03/01/2021 12:00:00 AM,Agree,Agree
12697,06/01/2021,TX,2944003,,,159,37.0,50957,,,29,0.0,06/03/2021 12:00:00 AM,Not agree,Not agree
12701,02/01/2021,UT,347208,347208.0,0.0,584,0.0,1668,1622.0,46.0,3,0.0,02/02/2021 02:51:51 PM,Agree,Agree
12818,07/01/2021,AK,68428,,,49,0.0,370,,,0,0.0,07/02/2021 01:55:07 PM,,
12835,02/01/2021,MP,132,132.0,0.0,0,0.0,2,2.0,0.0,0,0.0,02/03/2021 12:00:00 AM,Agree,Agree
12942,04/01/2021,AR,330609,,,211,57.0,5636,,,10,5.0,04/02/2021 01:56:15 PM,Not agree,Not agree
12948,02/01/2021,WV,121425,97374.0,24051.0,424,126.0,2028,,,4,-1.0,02/02/2021 02:51:51 PM,Agree,Not agree
12972,01/01/2021,MP,122,122.0,0.0,0,0.0,2,2.0,0.0,0,0.0,01/03/2021 12:00:00 AM,Agree,Agree
13008,03/01/2021,NYC,734342,621840.0,112502.0,2809,798.0,29473,24527.0,4946.0,67,2.0,02/27/2021 12:00:00 AM,Agree,Agree
13024,07/01/2021,KS,318310,256539.0,61771.0,204,39.0,5156,,,0,0.0,07/02/2021 01:55:07 PM,Agree,
13082,04/01/2021,UT,386128,386128.0,0.0,487,0.0,2125,2065.0,60.0,3,1.0,04/02/2021 01:56:15 PM,Agree,Agree
13105,01/01/2021,CO,337161,322944.0,14217.0,3064,141.0,4873,4221.0,652.0,59,6.0,01/02/2021 02:50:51 PM,Agree,Agree
13192,08/01/2021,WV,167458,130607.0,36851.0,221,67.0,2948,,,1,0.0,08/02/2021 02:03:57 PM,Agree,Not agree
13256,02/01/2021,FL,1703247,,,10280,3510.0,29168,,,155,12.0,02/01/2021 12:00:00 AM,Not agree,Not agree
13278,09/01/2021,GA,1413284,1097709.0,315575.0,9702,3000.0,22870,19806.0,3064.0,130,4.0,09/02/2021 01:49:05 PM,Agree,Agree
13427,08/01/2021,FL,2641522,,,13152,2450.0,40378,,,140,9.0,08/01/2021 12:00:00 AM,Not agree,Not agree
13539,02/01/2021,PR,95173,88423.0,6750.0,39,23.0,1937,1636.0,301.0,3,0.0,02/01/2021 12:00:00 AM,Agree,Agree
13693,02/01/2021,AR,296494,,,1226,354.0,4895,,,27,5.0,02/02/2021 02:51:51 PM,Not agree,Not agree
13720,04/01/2021,WV,142233,112696.0,29537.0,495,114.0,2683,,,7,0.0,04/02/2021 01:56:15 PM,Agree,Not agree
13760,02/01/2021,OK,410093,326493.0,83600.0,1194,411.0,6277,5373.0,904.0,35,4.0,02/02/2021 12:00:00 AM,Agree,Agree
13805,01/01/2021,PW,0,,,0,0.0,0,,,0,0.0,01/02/2021 02:50:51 PM,,
13938,07/01/2021,PW,2,,,0,0.0,0,,,0,0.0,07/02/2021 01:55:07 PM,,
13986,06/01/2021,MP,183,183.0,0.0,0,0.0,2,2.0,0.0,0,0.0,06/03/2021 12:00:00 AM,Agree,Agree
13998,06/01/2021,GA,1124080,896255.0,227825.0,239,65.0,20838,18069.0,2769.0,1,0.0,06/02/2021 02:35:40 PM,Agree,Agree
14036,07/01/2021,MA,710049,663898.0,46151.0,83,7.0,17997,17633.0,364.0,3,0.0,07/02/2021 01:55:07 PM,Agree,Agree
14163,07/01/2021,UT,415679,415679.0,0.0,540,0.0,2375,2304.0,71.0,4,0.0,07/02/2021 01:55:07 PM,Agree,Agree
14249,06/01/2021,HI,35090,,,55,7.0,497,,,0,0.0,06/02/2021 02:35:40 PM,Not agree,Not agree
14418,01/01/2021,TX,1772483,,,16311,3803.0,31558,,,276,0.0,01/03/2021 12:00:00 AM,Not agree,Not agree
14468,08/01/2021,MA,721182,673856.0,47326.0,701,17.0,18082,17714.0,368.0,0,0.0,08/02/2021 02:03:57 PM,Agree,Agree
14671,04/01/2021,TX,2786642,,,3337,822.0,48773,,,49,0.0,04/03/2021 12:00:00 AM,Not agree,Not agree
14740,04/01/2021,AK,60768,,,230,0.0,340,,,0,0.0,04/01/2021 12:00:00 AM,,
14904,04/01/2021,FL,2030827,,,6328,1682.0,34473,,,67,4.0,04/01/2021 12:00:00 AM,Not agree,Not agree
14936,03/01/2021,MP,143,143.0,0.0,0,0.0,2,2.0,0.0,0,0.0,03/03/2021 12:00:00 AM,Agree,Agree
14969,03/01/2021,TX,2647845,,,3821,-1141.0,46538,,,136,0.0,03/03/2021 12:00:00 AM,Not agree,Not agree
15078,09/01/2021,MP,243,243.0,0.0,0,0.0,2,2.0,0.0,0,0.0,09/03/2021 12:00:00 AM,Agree,Agree
15079,06/01/2021,WV,161858,126517.0,35341.0,145,50.0,2797,,,5,1.0,06/02/2021 02:35:40 PM,Agree,Not agree
15132,05/01/2021,CO,512804,479386.0,33418.0,1838,177.0,6302,5547.0,755.0,7,2.0,05/02/2021 02:13:07 PM,Agree,Agree
15140,01/01/2021,UT,279722,279722.0,0.0,3110,0.0,1278,1252.0,26.0,9,1.0,01/02/2021 02:50:51 PM,Agree,Agree
15147,03/01/2021,HI,27499,,,26,0.0,436,,,0,0.0,03/02/2021 02:54:47 PM,Not agree,Not agree
15152,05/01/2021,KS,309301,249857.0,59444.0,171,37.0,4982,,,0,0.0,05/02/2021 02:13:07 PM,Agree,
15156,07/01/2021,MP,183,183.0,0.0,0,0.0,2,2.0,0.0,0,0.0,07/03/2021 12:00:00 AM,Agree,Agree
15169,02/01/2021,MA,526423,500415.0,26008.0,2398,128.0,14900,14600.0,300.0,68,3.0,02/03/2021 12:00:00 AM,Agree,Agree
15207,04/01/2021,GA,1060973,853273.0,207700.0,1425,547.0,19119,16664.0,2455.0,64,7.0,04/02/2021 01:56:15 PM,Agree,Agree
15208,07/01/2021,AS,0,,,0,0.0,0,,,0,0.0,07/02/2021 01:55:07 PM,,
15214,01/01/2021,NYC,448506,396615.0,51891.0,6034,1061.0,25107,20358.0,4749.0,46,5.0,12/30/2020 12:00:00 AM,Agree,Agree
15373,02/01/2021,HI,25870,,,84,0.0,407,,,0,0.0,02/02/2021 02:51:51 PM,Not agree,Not agree
15571,01/01/2021,GA,677589,575395.0,102194.0,11137,2418.0,10958,9889.0,1069.0,24,7.0,01/02/2021 02:50:51 PM,Agree,Agree
15649,08/01/2021,SD,125428,,,53,7.0,2043,1665.0,378.0,0,0.0,08/02/2021 02:03:57 PM,,Agree
15656,03/01/2021,TN,778135,651525.0,126610.0,563,181.0,11491,9247.0,2244.0,13,3.0,02/28/2021 12:00:00 AM,Agree,Agree
15688,09/01/2021,PA,1303468,1086144.0,217324.0,3100,501.0,28235,,,0,-51.0,09/02/2021 01:49:05 PM,Agree,Not agree
15711,03/01/2021,SD,112470,,,43,6.0,1888,1531.0,357.0,0,0.0,03/02/2021 02:54:47 PM,,Agree
15762,07/01/2021,SD,124561,,,25,2.0,2038,1660.0,378.0,3,0.0,07/02/2021 01:55:07 PM,,Agree
15810,04/01/2021,IA,351795,,,796,170.0,5751,,,8,8.0,04/02/2021 01:56:15 PM,Not agree,Not agree
15887,03/01/2021,IA,336647,,,318,77.0,5472,,,1,1.0,03/02/2021 02:54:47 PM,Not agree,Not agree
15890,04/01/2021,RMI,4,4.0,0.0,0,0.0,0,0.0,0.0,0,0.0,04/02/2021 01:56:15 PM,Agree,Agree
15891,07/01/2021,IA,374009,,,148,34.0,6140,,,2,2.0,07/02/2021 01:55:07 PM,Not agree,Not agree
15988,06/01/2021,NY,1151435,,,215,0.0,19788,,,8,0.0,06/02/2021 02:35:40 PM,Not agree,Not agree
16014,01/01/2021,TN,612160,533062.0,79098.0,6166,1942.0,7876,6647.0,1229.0,99,26.0,12/31/2020 12:00:00 AM,Agree,Agree
16016,06/01/2021,OH,1102556,922959.0,179597.0,312,55.0,19861,19861.0,0.0,0,0.0,06/02/2021 02:35:40 PM,Agree,Agree
16217,05/01/2021,TN,845403,698856.0,146547.0,797,279.0,12226,9834.0,2392.0,10,3.0,04/30/2021 12:00:00 AM,Agree,Agree
16305,09/01/2021,OH,1228002,1016992.0,211010.0,7102,2281.0,20866,20866.0,0.0,0,0.0,09/02/2021 01:49:05 PM,Agree,Agree
16308,01/01/2021,NY,559358,,,11204,0.0,12701,,,135,0.0,01/02/2021 02:50:51 PM,Not agree,Not agree
16427,09/01/2021,TN,1082291,865141.0,217150.0,6296,2504.0,13624,10975.0,2649.0,36,6.0,08/31/2021 12:00:00 AM,Agree,Agree
16510,02/01/2021,OH,899079,783158.0,115921.0,3287,1111.0,11230,10000.0,1230.0,55,10.0,02/02/2021 02:51:51 PM,Agree,Agree
16528,09/01/2021,NY,1246065,,,2829,0.0,20308,,,18,0.0,09/02/2021 01:49:05 PM,Not agree,Not agree
16614,06/01/2021,SD,124209,,,18,3.0,2014,1638.0,376.0,0,1.0,06/02/2021 02:35:40 PM,,Agree
16734,02/01/2021,RMI,4,4.0,0.0,0,0.0,0,0.0,0.0,0,0.0,02/02/2021 02:51:51 PM,Agree,Agree
16997,08/01/2021,TN,901647,738374.0,163273.0,1861,535.0,12800,10323.0,2477.0,12,3.0,07/31/2021 12:00:00 AM,Agree,Agree
17034,02/01/2021,PA,854301,742336.0,111965.0,3352,969.0,21687,,,85,68.0,02/01/2021 12:00:00 AM,Agree,Not agree
17043,01/01/2021,PA,657060,587824.0,69236.0,8491,1895.0,16214,,,236,-75.0,01/01/2021 12:00:00 AM,Agree,Not agree
17129,07/01/2021,RMI,4,4.0,0.0,0,0.0,0,0.0,0.0,0,0.0,07/02/2021 01:55:07 PM,Agree,Agree
17216,09/01/2021,IA,408390,,,1822,492.0,6307,,,39,39.0,09/02/2021 01:49:05 PM,Not agree,Not agree
17317,01/01/2021,IA,282664,,,1995,403.0,3898,,,7,7.0,01/02/2021 02:50:51 PM,Not agree,Not agree
17321,09/01/2021,RMI,4,4.0,0.0,0,0.0,0,0.0,0.0,0,0.0,09/02/2021 01:49:05 PM,Agree,Agree
17389,04/01/2021,OH,1020041,863980.0,156061.0,2475,651.0,18611,18611.0,0.0,0,0.0,04/02/2021 01:56:15 PM,Agree,Agree
17573,01/01/2021,NM,144142,,,1278,0.0,3056,,,29,2.0,01/03/2021 12:00:00 AM,,Not agree
17706,04/01/2021,SD,117989,,,230,58.0,1938,1579.0,359.0,3,0.0,04/02/2021 01:56:15 PM,,Agree
17842,05/01/2021,PA,1160428,977085.0,183343.0,3030,562.0,26253,,,35,21.0,05/01/2021 12:00:00 AM,Agree,Not agree
18035,08/01/2021,GA,1187107,937515.0,249592.0,3829,1144.0,21690,18725.0,2965.0,7,0.0,08/02/2021 02:03:57 PM,Agree,Agree
18087,04/01/2021,KS,302372,244543.0,57829.0,0,173.0,4913,,,0,2.0,04/02/2021 01:56:15 PM,Agree,
18126,03/01/2021,OK,433438,342765.0,90673.0,270,69.0,6925,5892.0,1033.0,12,0.0,03/02/2021 12:00:00 AM,Agree,Agree
18182,06/01/2021,AK,67507,,,26,0.0,362,,,0,0.0,06/02/2021 02:35:40 PM,,
18183,07/01/2021,NYC,956061,788122.0,167939.0,193,61.0,33426,28333.0,5093.0,4,0.0,07/02/2021 01:55:07 PM,Agree,Agree
18184,09/01/2021,PW,4,,,0,0.0,0,,,0,0.0,09/02/2021 01:49:05 PM,,
18185,03/01/2021,AK,56398,,,67,0.0,325,,,2,0.0,03/01/2021 12:00:00 AM,,
18301,04/01/2021,CO,463685,434979.0,28706.0,1604,142.0,6117,5385.0,732.0,10,4.0,04/02/2021 01:56:15 PM,Agree,Agree
18360,09/01/2021,AK,85358,,,761,0.0,435,,,4,0.0,09/02/2021 01:49:05 PM,,
18368,05/01/2021,MA,690279,646982.0,43297.0,1306,191.0,17617,17265.0,352.0,7,1.0,05/03/2021 12:00:00 AM,Agree,Agree
18435,01/01/2021,WV,87820,71250.0,16570.0,2486,742.0,1361,,,23,5.0,01/02/2021 02:50:51 PM,Agree,Not agree
18596,01/01/2021,OK,329026,268550.0,60476.0,3502,1016.0,4619,4095.0,524.0,55,10.0,01/02/2021 12:00:00 AM,Agree,Agree
18646,02/01/2021,PW,0,,,0,0.0,0,,,0,0.0,02/02/2021 02:51:51 PM,,
18702,08/01/2021,AK,72753,,,234,0.0,382,,,0,0.0,08/02/2021 02:03:57 PM,,
18741,05/01/2021,AS,0,,,0,0.0,0,,,0,0.0,05/02/2021 02:13:07 PM,,
18964,03/01/2021,UT,371492,371492.0,0.0,257,0.0,1940,1884.0,56.0,5,0.0,03/02/2021 02:54:47 PM,Agree,Agree
18967,07/01/2021,FL,2338640,,,2889,724.0,38323,,,25,3.0,07/01/2021 12:00:00 AM,Not agree,Not agree
19024,04/01/2021,PW,0,,,0,0.0,0,,,0,0.0,04/02/2021 01:56:15 PM,,
19041,09/01/2021,MA,761906,711395.0,50511.0,2037,241.0,18257,17885.0,372.0,11,0.0,09/02/2021 01:49:05 PM,Agree,Agree
19090,09/01/2021,CO,618072,571821.0,46251.0,1358,279.0,7151,6347.0,804.0,9,3.0,09/02/2021 01:49:05 PM,Agree,Agree
19202,06/01/2021,CO,543581,507085.0,36496.0,407,77.0,6579,5802.0,777.0,-1,0.0,06/02/2021 02:35:40 PM,Agree,Agree
19627,02/01/2021,AS,3,,,0,0.0,0,,,0,0.0,02/02/2021 02:51:51 PM,,
19787,05/01/2021,AK,65498,,,89,0.0,341,,,0,0.0,05/02/2021 02:13:07 PM,,
19838,04/01/2021,MA,638339,600632.0,37707.0,2759,304.0,17273,16929.0,344.0,30,1.0,04/03/2021 12:00:00 AM,Agree,Agree
19917,04/01/2021,HI,29888,,,109,0.0,460,,,0,0.0,04/02/2021 01:56:15 PM,Not agree,Not agree
19939,09/01/2021,KS,373171,298768.0,74403.0,2098,864.0,5581,,,24,4.0,09/02/2021 01:49:05 PM,Agree,
20076,07/01/2021,PR,140238,123188.0,17050.0,94,24.0,2557,2197.0,360.0,2,0.0,07/01/2021 12:00:00 AM,Agree,Agree
20123,09/01/2021,FL,3290940,,,21558,7011.0,48569,,,187,21.0,09/01/2021 12:00:00 AM,Not agree,Not agree
20247,08/01/2021,HI,41090,,,447,13.0,534,,,0,0.0,08/02/2021 02:03:57 PM,Not agree,Not agree
20316,02/01/2021,NYC,621542,534490.0,87052.0,3690,833.0,27275,22410.0,4865.0,83,5.0,01/30/2021 12:00:00 AM,Agree,Agree
20325,02/01/2021,AK,52827,,,65,0.0,308,,,0,0.0,02/01/2021 12:00:00 AM,,
20378,07/01/2021,WV,164097,128205.0,35892.0,56,22.0,2897,,,6,0.0,07/02/2021 01:55:07 PM,Agree,Not agree
20457,06/01/2021,NYC,949667,783186.0,166481.0,156,44.0,33253,28176.0,5077.0,9,1.0,05/30/2021 12:00:00 AM,Agree,Agree
20710,09/01/2021,TX,3611990,,,21511,4478.0,55955,,,320,0.0,09/02/2021 01:49:05 PM,Not agree,Not agree
20731,01/01/2021,PR,82453,77417.0,5036.0,418,39.0,1682,1407.0,275.0,7,0.0,01/01/2021 12:00:00 AM,Agree,Agree
20781,09/01/2021,AS,0,,,0,0.0,0,,,0,0.0,09/02/2021 01:49:05 PM,,
20875,07/01/2021,HI,36435,,,44,2.0,515,,,1,0.0,07/02/2021 01:55:07 PM,Not agree,Not agree
20936,04/01/2021,MP,159,159.0,0.0,0,0.0,2,2.0,0.0,0,0.0,04/03/2021 12:00:00 AM,Agree,Agree
21056,05/01/2021,WV,153498,120691.0,32807.0,370,90.0,2679,,,0,-1.0,05/02/2021 02:13:07 PM,Agree,Not agree
21188,09/01/2021,HI,61800,,,447,81.0,598,,,12,0.0,09/02/2021 01:49:05 PM,Not agree,Not agree
21270,08/01/2021,MP,190,190.0,0.0,0,0.0,2,2.0,0.0,0,0.0,08/03/2021 12:00:00 AM,Agree,Agree
21330,06/01/2021,MA,707131,661294.0,45837.0,94,4.0,17883,17520.0,363.0,11,-1.0,06/02/2021 02:35:40 PM,Agree,Agree
21339,09/01/2021,PR,172715,143623.0,29092.0,764,252.0,2893,2467.0,426.0,15,4.0,09/01/2021 12:00:00 AM,Agree,Agree
21385,07/01/2021,AR,350085,,,700,244.0,5909,,,0,0.0,07/02/2021 01:55:07 PM,Not agree,Not agree
21416,05/01/2021,PR,133500,118217.0,15283.0,559,94.0,2334,1994.0,340.0,5,0.0,05/01/2021 12:00:00 AM,Agree,Agree
21629,01/01/2021,MA,375178,359445.0,15733.0,0,0.0,12677,12409.0,268.0,64,1.0,01/03/2021 12:00:00 AM,Agree,Agree
21782,06/01/2021,FL,2284316,,,1242,357.0,37448,,,44,0.0,06/01/2021 12:00:00 AM,Not agree,Not agree
21855,01/01/2021,KS,227745,190300.0,37445.0,5312,1211.0,2879,,,138,32.0,01/02/2021 02:50:51 PM,Agree,
21938,07/01/2021,GA,1135093,903732.0,231361.0,520,211.0,21428,18503.0,2925.0,5,-2.0,07/02/2021 01:55:07 PM,Agree,Agree
21939,08/01/2021,AR,388436,,,1984,0.0,6157,,,16,0.0,08/02/2021 02:03:57 PM,Not agree,Not agree
22017,06/01/2021,AR,341450,,,69,40.0,5834,,,1,1.0,06/02/2021 02:35:40 PM,Not agree,Not agree
22044,01/01/2021,AR,229442,,,4304,1519.0,3711,,,35,17.0,01/02/2021 02:50:51 PM,Not agree,Not agree
22325,03/01/2021,GA,1008660,819730.0,188930.0,2139,925.0,17376,15148.0,2228.0,81,1.0,03/02/2021 02:54:47 PM,Agree,Agree
22400,05/01/2021,NYC,931025,769194.0,161831.0,1374,322.0,32629,27577.0,5052.0,32,1.0,04/29/2021 12:00:00 AM,Agree,Agree
22435,08/01/2021,NYC,978539,804870.0,173669.0,1328,286.0,33548,28438.0,5110.0,9,3.0,08/02/2021 02:03:57 PM,Agree,Agree
22545,06/01/2021,KS,314417,253905.0,60512.0,105,0.0,5076,,,0,0.0,06/02/2021 02:35:40 PM,Agree,
22631,01/01/2021,AK,46241,,,470,0.0,285,,,4,0.0,01/01/2021 12:00:00 AM,,
22633,04/01/2021,OK,442611,349516.0,93095.0,230,65.0,7153,6084.0,1069.0,3,0.0,04/02/2021 12:00:00 AM,Agree,Agree
22636,03/01/2021,PW,0,,,0,0.0,0,,,0,0.0,03/02/2021 02:54:47 PM,,
22937,01/01/2021,AS,3,,,0,0.0,0,,,0,0.0,01/02/2021 02:50:51 PM,,
22963,07/01/2021,TX,2990703,,,2246,875.0,51470,,,8,0.0,07/03/2021 12:00:00 AM,Not agree,Not agree
23140,05/01/2021,SD,122688,,,28,5.0,1967,1601.0,366.0,0,0.0,05/02/2021 02:13:07 PM,,Agree
23175,07/01/2021,NY,1157650,,,175,0.0,19932,,,2,0.0,07/02/2021 01:55:07 PM,Not agree,Not agree
23183,04/01/2021,TN,813508,676279.0,137229.0,1125,233.0,11926,9593.0,2333.0,11,1.0,03/31/2021 12:00:00 AM,Agree,Agree
23197,06/01/2021,RMI,4,4.0,0.0,0,0.0,0,0.0,0.0,0,0.0,06/02/2021 02:35:40 PM,Agree,Agree
23206,04/01/2021,NY,1030739,,,4566,0.0,18814,,,30,0.0,04/02/2021 01:56:15 PM,Not agree,Not agree
23254,07/01/2021,PA,1217710,1019854.0,197856.0,176,39.0,27687,,,9,10.0,07/01/2021 12:00:00 AM,Agree,Not agree
23297,06/01/2021,PA,1208585,1012961.0,195624.0,471,219.0,27214,,,0,-7.0,06/01/2021 12:00:00 AM,Agree,Not agree
23373,07/01/2021,TN,867114,713916.0,153198.0,252,73.0,12609,10155.0,2454.0,3,1.0,06/30/2021 12:00:00 AM,Agree,Agree
23379,08/01/2021,NM,211132,,,358,0.0,4442,,,4,0.0,08/03/2021 12:00:00 AM,,Not agree
23456,05/01/2021,OH,1074019,902415.0,171604.0,1707,435.0,19284,19284.0,0.0,0,0.0,05/02/2021 02:13:07 PM,Agree,Agree
23609,02/01/2021,SD,108315,,,65,13.0,1778,1429.0,349.0,0,-2.0,02/02/2021 02:51:51 PM,,Agree
23678,05/01/2021,RMI,4,4.0,0.0,0,0.0,0,0.0,0.0,0,0.0,05/02/2021 02:13:07 PM,Agree,Agree
23885,06/01/2021,NM,203151,,,3,0.0,4339,,,2,0.0,06/03/2021 12:00:00 AM,,Not agree
23909,03/01/2021,PA,939500,807701.0,131799.0,1687,412.0,24026,,,5,-8.0,03/01/2021 12:00:00 AM,Agree,Not agree
23959,07/01/2021,OH,1111903,929386.0,182517.0,579,69.0,20309,20309.0,0.0,0,0.0,07/02/2021 01:55:07 PM,Agree,Agree
24004,08/01/2021,PA,1232034,1030837.0,201197.0,978,217.0,27855,,,3,0.0,08/01/2021 12:00:00 AM,Agree,Not agree
24116,08/01/2021,NY,1174038,,,1254,0.0,19990,,,5,0.0,08/02/2021 02:03:57 PM,Not agree,Not agree
24148,04/01/2021,NM,191945,,,293,0.0,4185,,,6,0.0,04/03/2021 12:00:00 AM,,Not agree
24223,05/01/2021,IA,365228,,,386,91.0,5952,,,2,2.0,05/02/2021 02:13:07 PM,Not agree,Not agree
24251,01/01/2021,SD,99164,,,0,0.0,1488,1204.0,284.0,0,0.0,01/02/2021 02:50:51 PM,,Agree
24288,03/01/2021,NY,921678,,,2732,0.0,18031,,,28,0.0,03/02/2021 02:54:47 PM,Not agree,Not agree
24386,06/01/2021,TN,861414,709994.0,151420.0,154,44.0,12481,10048.0,2433.0,6,2.0,05/31/2021 12:00:00 AM,Agree,Agree
24453,02/01/2021,NY,815593,,,4314,0.0,16308,,,88,0.0,02/02/2021 02:51:51 PM,Not agree,Not agree
24524,08/01/2021,RMI,4,4.0,0.0,0,0.0,0,0.0,0.0,0,0.0,08/02/2021 02:03:57 PM,Agree,Agree
24627,05/01/2021,NM,197946,,,213,0.0,4255,,,2,0.0,05/03/2021 12:00:00 AM,,Not agree
24662,04/01/2021,PA,1035371,881075.0,154296.0,3839,487.0,25120,,,27,-51.0,04/01/2021 12:00:00 AM,Agree,Not agree
24675,02/01/2021,TN,735098,621802.0,113296.0,1329,432.0,10607,8562.0,2045.0,48,12.0,01/31/2021 12:00:00 AM,Agree,Agree
24731,09/01/2021,NM,233487,,,873,0.0,4601,,,9,0.0,09/03/2021 12:00:00 AM,,Not agree
24785,03/01/2021,NM,185297,,,165,0.0,4043,,,10,0.0,03/03/2021 12:00:00 AM,,Not agree
24798,02/01/2021,IA,319814,,,567,216.0,4906,,,5,5.0,02/02/2021 02:51:51 PM,Not agree,Not agree
24840,03/01/2021,RMI,4,4.0,0.0,0,0.0,0,0.0,0.0,0,0.0,03/02/2021 02:54:47 PM,Agree,Agree
24915,06/01/2021,IA,371473,,,49,13.0,6057,,,2,2.0,06/02/2021 02:35:40 PM,Not agree,Not agree
24934,02/01/2021,NM,174550,,,486,0.0,3747,,,17,0.0,02/03/2021 12:00:00 AM,,Not agree
25073,07/01/2021,NM,205629,,,87,0.0,4395,,,2,0.0,07/03/2021 12:00:00 AM,,Not agree
25088,01/01/2021,OH,700380,628336.0,72044.0,0,0.0,8962,8112.0,850.0,0,0.0,01/02/2021 02:50:51 PM,Agree,Agree
25204,03/01/2021,OH,968874,830282.0,138592.0,1452,600.0,17346,14752.0,2594.0,49,6.0,03/02/2021 02:54:47 PM,Agree,Agree
25211,09/01/2021,SD,132837,,,578,101.0,2069,1691.0,378.0,0,0.0,09/02/2021 01:49:05 PM,,Agree
25274,08/01/2021,IA,380671,,,437,94.0,6183,,,0,0.0,08/02/2021 02:03:57 PM,Not agree,Not agree
25296,08/01/2021,OH,1130134,941825.0,188309.0,857,74.0,20492,20492.0,0.0,0,0.0,08/02/2021 02:03:57 PM,Agree,Agree
25330,05/01/2021,NY,1121015,,,1857,0.0,19409,,,0,0.0,05/02/2021 02:13:07 PM,Not agree,Not agree
25418,01/01/2021,RMI,4,4.0,0.0,0,0.0,0,0.0,0.0,0,0.0,01/02/2021 02:50:51 PM,Agree,Agree
25559,05/01/2021,IL,1337868,1337868.0,0.0,2813,0.0,24330,21992.0,2338.0,39,7.0,05/02/2021 02:13:07 PM,Agree,Agree
25624,02/01/2021,DE,80037,76178.0,3859.0,214,48.0,1101,991.0,110.0,11,2.0,02/03/2021 12:00:00 AM,Agree,Agree
25737,02/01/2021,NC,784063,688939.0,95124.0,2159,568.0,10994,9788.0,1206.0,85,18.0,02/01/2021 12:00:00 AM,Agree,Agree
25842,08/01/2021,MT,116542,103846.0,12696.0,88,17.0,1706,1706.0,0.0,1,0.0,08/02/2021 02:03:57 PM,Agree,Agree
25940,09/01/2021,NV,392052,,,1452,0.0,6539,,,29,0.0,09/02/2021 01:49:05 PM,,
25943,06/01/2021,GU,8187,,,14,7.0,139,,,0,0.0,06/02/2021 02:35:40 PM,Not agree,Not agree
26092,02/01/2021,VT,11180,,,105,6.0,181,,,2,0.0,02/03/2021 12:00:00 AM,Not agree,Not agree
26264,03/01/2021,CA,3652103,3514992.0,137111.0,2715,200.0,59186,59186.0,0.0,160,0.0,03/01/2021 12:00:00 AM,Agree,Agree
26305,02/01/2021,NE,192134,,,480,0.0,1929,,,8,0.0,02/03/2021 12:00:00 AM,Not agree,Not agree
26329,06/01/2021,AL,548195,422266.0,125929.0,258,89.0,11346,9049.0,2297.0,5,3.0,06/03/2021 12:00:00 AM,Agree,Agree
26608,01/01/2021,MS,223753,151719.0,72034.0,1825,1103.0,5674,4242.0,1432.0,28,14.0,01/03/2021 12:00:00 AM,Agree,Agree
26852,01/01/2021,CA,2562469,2480933.0,81536.0,56542,2541.0,32772,32772.0,0.0,621,0.0,01/01/2021 12:00:00 AM,Agree,Agree
26903,05/01/2021,WA,404531,,,1623,182.0,5499,,,0,0.0,05/03/2021 12:00:00 AM,,
26943,02/01/2021,ND,97798,93381.0,4417.0,115,57.0,1422,,,0,0.0,02/02/2021 02:51:51 PM,Agree,Not agree
27041,03/01/2021,WA,340588,,,472,62.0,4969,,,13,0.0,03/03/2021 12:00:00 AM,,
27123,05/01/2021,MT,108985,98928.0,10057.0,168,186.0,1574,1574.0,0.0,3,0.0,05/02/2021 02:13:07 PM,Agree,Agree
27143,07/01/2021,IN,754317,,,390,0.0,13907,13480.0,427.0,9,0.0,07/01/2021 12:00:00 AM,Not agree,Agree
27215,07/01/2021,NE,224828,,,137,0.0,2260,,,0,0.0,07/03/2021 12:00:00 AM,Not agree,Not agree
27254,01/01/2021,MI,591739,543597.0,48142.0,2011,166.0,13916,13131.0,785.0,100,7.0,01/02/2021 12:00:00 AM,Agree,Agree
27289,01/01/2021,IL,963389,963389.0,0.0,0,0.0,18173,16647.0,1526.0,195,38.0,01/02/2021 02:50:51 PM,Agree,Agree
27420,03/01/2021,VI,2646,,,0,0.0,25,,,0,0.0,03/02/2021 02:54:47 PM,,
27511,06/01/2021,IN,744213,,,65,0.0,13709,13288.0,421.0,8,0.0,06/01/2021 12:00:00 AM,Not agree,Agree
27579,03/01/2021,WI,617700,564268.0,53432.0,333,25.0,7014,6412.0,602.0,0,0.0,03/02/2021 02:54:47 PM,Agree,Agree
27724,01/01/2021,NV,227046,,,2315,0.0,3146,,,21,0.0,01/02/2021 02:50:51 PM,,
27777,03/01/2021,DE,88847,84192.0,4655.0,136,18.0,1422,1286.0,136.0,0,0.0,03/03/2021 12:00:00 AM,Agree,Agree
27858,07/01/2021,VI,3895,,,16,0.0,30,,,0,0.0,07/02/2021 01:55:07 PM,,
27866,02/01/2021,VI,2421,,,0,0.0,24,,,0,0.0,02/02/2021 02:51:51 PM,,
27880,09/01/2021,VT,26560,,,103,1.0,266,,,0,0.0,09/02/2021 01:49:05 PM,Not agree,Not agree
27948,04/01/2021,VT,18226,,,258,3.0,225,,,2,0.0,04/03/2021 12:00:00 AM,Not agree,Not agree
27994,03/01/2021,AL,514283,398504.0,115779.0,844,253.0,10555,8427.0,2128.0,17,2.0,03/03/2021 12:00:00 AM,Agree,Agree
28008,04/01/2021,NH,84539,,,363,98.0,1245,,,7,1.0,04/02/2021 01:56:15 PM,Not agree,Not agree
28195,08/01/2021,DE,111563,103634.0,7929.0,156,41.0,1833,1676.0,157.0,0,0.0,08/02/2021 02:03:57 PM,Agree,Agree
28243,04/01/2021,NE,211434,,,419,0.0,2181,,,1,0.0,04/03/2021 12:00:00 AM,Not agree,Not agree
28389,07/01/2021,WA,452072,,,477,83.0,5938,,,8,0.0,07/02/2021 01:55:07 PM,,
28451,09/01/2021,MI,1065671,951192.0,114479.0,3007,436.0,21616,20316.0,1300.0,18,8.0,09/02/2021 01:49:05 PM,Agree,Agree
28569,08/01/2021,GU,8564,,,9,1.0,143,,,0,0.0,08/02/2021 02:03:57 PM,Not agree,Not agree
28641,04/01/2021,MD,414385,,,1457,0.0,8845,8639.0,206.0,18,0.0,04/03/2021 12:00:00 AM,,Agree
28723,09/01/2021,ID,222552,177523.0,45029.0,1163,271.0,2371,2047.0,324.0,8,2.0,09/02/2021 01:49:05 PM,Agree,Agree
28760,02/01/2021,MD,356541,,,905,0.0,7632,7434.0,198.0,32,1.0,02/03/2021 12:00:00 AM,,Agree
28915,08/01/2021,WA,477216,,,2070,372.0,6124,,,1,0.0,08/02/2021 02:03:57 PM,,
28927,02/01/2021,CA,3464990,3339477.0,125513.0,10642,550.0,51472,51472.0,0.0,429,0.0,02/01/2021 12:00:00 AM,Agree,Agree
29009,09/01/2021,MO,763674,,,3111,866.0,10632,,,10,0.0,09/02/2021 01:49:05 PM,Not agree,Not agree
29042,06/01/2021,NH,98767,,,21,0.0,1353,,,0,0.0,06/02/2021 02:35:40 PM,Not agree,Not agree
29073,07/01/2021,MS,322496,197217.0,125279.0,197,116.0,7490,5161.0,2329.0,4,3.0,07/03/2021 12:00:00 AM,Agree,Agree
29238,07/01/2021,MD,462439,,,85,0.0,9746,9529.0,217.0,2,0.0,07/02/2021 01:55:07 PM,,Agree
29338,05/01/2021,IN,721577,,,1152,0.0,13401,12985.0,416.0,8,1.0,05/01/2021 12:00:00 AM,Not agree,Agree
29346,06/01/2021,NC,1000317,852653.0,147664.0,224,48.0,13378,11798.0,1580.0,11,1.0,06/01/2021 12:00:00 AM,Agree,Agree
29415,09/01/2021,WA,567104,,,4063,879.0,6611,,,37,0.0,09/02/2021 01:49:05 PM,,
29419,05/01/2021,VI,3138,,,13,0.0,27,,,0,0.0,05/02/2021 02:13:07 PM,,
29514,09/01/2021,CA,4465526,4275945.0,189581.0,13462,927.0,66292,66292.0,0.0,63,0.0,09/01/2021 12:00:00 AM,Agree,Agree
29592,04/01/2021,CT,312468,288177.0,24291.0,1580,638.0,7900,6492.0,1408.0,14,-1.0,04/02/2021 01:56:15 PM,Agree,Agree
29726,09/01/2021,ME,76913,55423.0,21490.0,624,224.0,937,875.0,62.0,3,0.0,09/02/2021 01:49:05 PM,Agree,Agree
29742,08/01/2021,IN,773163,,,932,0.0,14054,13622.0,432.0,9,0.0,08/01/2021 12:00:00 AM,Not agree,Agree
29870,07/01/2021,MI,1003216,897621.0,105595.0,194,25.0,21055,19797.0,1258.0,10,0.0,07/02/2021 12:00:00 AM,Agree,Agree
29906,01/01/2021,NC,582579,525130.0,57449.0,9049,1538.0,7976,7376.0,600.0,79,10.0,01/01/2021 12:00:00 AM,Agree,Agree
29955,06/01/2021,MD,459995,,,51,0.0,9616,9404.0,212.0,2,0.0,06/02/2021 02:35:40 PM,,Agree
30055,06/01/2021,WI,674480,610224.0,64256.0,60,2.0,7875,7094.0,781.0,19,3.0,06/02/2021 02:35:40 PM,Agree,Agree
30115,08/01/2021,NV,358087,,,843,0.0,5916,,,2,0.0,08/02/2021 02:03:57 PM,,
30373,01/01/2021,DE,59670,57252.0,2418.0,823,31.0,930,828.0,102.0,0,0.0,01/03/2021 12:00:00 AM,Agree,Agree
30441,05/01/2021,DE,105542,98487.0,7055.0,285,37.0,1626,1485.0,141.0,1,0.0,05/03/2021 12:00:00 AM,Agree,Agree
30447,07/01/2021,GU,8373,,,7,1.0,140,,,0,0.0,07/02/2021 01:55:07 PM,Not agree,Not agree
30457,04/01/2021,MS,306446,188301.0,118145.0,214,125.0,7201,4980.0,2221.0,0,0.0,04/03/2021 12:00:00 AM,Agree,Agree
30528,08/01/2021,ME,70590,51491.0,19099.0,127,46.0,900,850.0,50.0,0,0.0,08/02/2021 02:03:57 PM,Agree,Agree
30700,05/01/2021,NC,971855,831379.0,140476.0,1582,387.0,13033,11511.0,1522.0,11,1.0,05/01/2021 12:00:00 AM,Agree,Agree
30824,02/01/2021,NV,279146,,,838,0.0,4278,,,8,0.0,02/02/2021 02:51:51 PM,,
30973,01/01/2021,NE,168011,,,778,0.0,1668,,,17,0.0,01/03/2021 12:00:00 AM,Not agree,Not agree
31087,01/01/2021,VI,2036,,,0,0.0,23,,,0,0.0,01/02/2021 02:50:51 PM,,
31133,09/01/2021,DE,120180,110943.0,9237.0,328,60.0,1887,1728.0,159.0,7,0.0,09/02/2021 01:49:05 PM,Agree,Agree
31148,08/01/2021,ND,111674,102155.0,9519.0,16,2.0,1539,,,0,0.0,08/02/2021 02:03:57 PM,Agree,Not agree
31180,06/01/2021,ME,67880,49704.0,18176.0,61,28.0,827,799.0,28.0,2,0.0,06/02/2021 02:35:40 PM,Agree,Agree
31200,02/01/2021,NH,66058,,,363,106.0,1059,,,2,1.0,02/02/2021 02:51:51 PM,Not agree,Not agree
31285,05/01/2021,CA,3800082,3651421.0,148661.0,1802,159.0,62562,62562.0,0.0,26,0.0,05/01/2021 12:00:00 AM,Agree,Agree
31661,02/01/2021,CT,253954,238535.0,15419.0,3931,210.0,7119,5806.0,1313.0,73,8.0,02/02/2021 02:51:51 PM,Agree,Agree
31698,03/01/2021,ID,171462,139056.0,32406.0,322,89.0,1867,1641.0,226.0,7,0.0,03/02/2021 02:54:47 PM,Agree,Agree
31725,09/01/2021,NE,246202,,,1137,0.0,2339,,,17,0.0,09/03/2021 12:00:00 AM,Not agree,Not agree
31740,04/01/2021,WA,365630,,,1330,361.0,5262,,,15,0.0,04/03/2021 12:00:00 AM,,
31795,03/01/2021,MS,297145,184270.0,112875.0,625,328.0,7041,4901.0,2140.0,18,11.0,03/03/2021 12:00:00 AM,Agree,Agree
31811,05/01/2021,MS,313147,191836.0,121311.0,169,65.0,7318,5050.0,2268.0,2,1.0,05/03/2021 12:00:00 AM,Agree,Agree
31918,06/01/2021,MS,318311,194887.0,123424.0,201,84.0,7418,5119.0,2299.0,2,0.0,06/03/2021 12:00:00 AM,Agree,Agree
31949,07/01/2021,DE,109770,102158.0,7612.0,26,4.0,1694,1549.0,145.0,0,0.0,07/02/2021 01:55:07 PM,Agree,Agree
31955,04/01/2021,MO,568684,,,593,234.0,8811,,,7,0.0,04/03/2021 12:00:00 AM,Not agree,Not agree
32048,03/01/2021,NH,75588,,,164,46.0,1170,,,0,0.0,03/02/2021 02:54:47 PM,Not agree,Not agree
32165,01/01/2021,MT,81555,81555.0,0.0,0,0.0,961,961.0,0.0,0,0.0,01/02/2021 02:50:51 PM,Agree,Agree
32190,06/01/2021,NV,324262,,,130,0.0,5590,,,4,0.0,06/02/2021 02:35:40 PM,,
32260,06/01/2021,MO,600195,,,478,172.0,9122,,,42,0.0,06/02/2021 02:35:40 PM,Not agree,Not agree
32275,08/01/2021,CA,4065740,3900014.0,165726.0,11579,604.0,64161,64161.0,0.0,24,0.0,08/01/2021 12:00:00 AM,Agree,Agree
32416,08/01/2021,IL,1423349,1423349.0,0.0,1869,0.0,25924,23446.0,2478.0,4,1.0,08/02/2021 02:03:57 PM,Agree,Agree
32421,07/01/2021,NV,334255,,,543,0.0,5692,,,11,0.0,07/02/2021 01:55:07 PM,,
32667,06/01/2021,KY,459288,346103.0,113185.0,273,117.0,7250,6496.0,754.0,4,0.0,06/03/2021 12:00:00 AM,Agree,Agree
32695,03/01/2021,OR,155787,154067.0,1720.0,190,0.0,2212,2197.0,15.0,4,0.0,03/02/2021 02:54:47 PM,Agree,Agree
32754,06/01/2021,LA,471663,,,246,39.0,10592,9608.0,984.0,16,4.0,06/02/2021 02:35:40 PM,Not agree,Agree
32766,02/01/2021,SC,467142,404797.0,62345.0,2620,453.0,7725,,,68,12.0,02/01/2021 12:00:00 AM,Agree,Not agree
32795,01/01/2021,OR,113909,112189.0,1720.0,0,0.0,1477,1462.0,15.0,0,0.0,01/02/2021 02:50:51 PM,Agree,Agree
32840,04/01/2021,VA,622339,486047.0,136292.0,1537,528.0,10279,8626.0,1653.0,10,-1.0,04/02/2021 01:56:15 PM,Agree,Agree
32857,04/01/2021,SC,554658,465801.0,88857.0,952,417.0,9240,,,9,0.0,04/01/2021 12:00:00 AM,Agree,Not agree
32902,03/01/2021,RI,126423,,,166,0.0,2546,,,3,0.0,09/10/2021 02:24:00 PM,Not agree,
32926,06/01/2021,RI,151609,,,9,0.0,2719,,,1,0.0,09/10/2021 02:24:00 PM,Not agree,
32927,06/01/2021,NJ,1016490,887834.0,128656.0,158,23.0,26219,23549.0,2670.0,7,0.0,06/02/2021 02:35:40 PM,Agree,Agree
32931,04/01/2021,NJ,914422,804037.0,110385.0,5606,960.0,24591,22023.0,2568.0,30,0.0,04/02/2021 01:56:15 PM,Agree,Agree
32971,02/01/2021,AZ,762593,714249.0,48344.0,3744,213.0,13124,11707.0,1417.0,4,-1.0,02/02/2021 02:51:51 PM,Agree,Agree
33089,01/01/2021,RI,90466,,,886,0.0,1934,,,19,0.0,09/10/2021 02:24:00 PM,Not agree,
33095,08/01/2021,LA,549083,,,3702,801.0,11017,9940.0,1077.0,9,2.0,08/02/2021 02:03:57 PM,Not agree,Agree
33167,09/01/2021,DC,55570,,,139,0.0,1161,,,1,0.0,09/02/2021 01:49:05 PM,,
33237,07/01/2021,KY,464784,349612.0,115172.0,182,68.0,7354,6592.0,762.0,1,0.0,07/03/2021 12:00:00 AM,Agree,Agree
33318,07/01/2021,RI,152299,,,14,0.0,2736,,,0,0.0,09/10/2021 02:24:00 PM,Not agree,
33436,02/01/2021,FSM,1,1.0,0.0,0,0.0,0,0.0,0.0,0,0.0,02/02/2021 02:51:51 PM,Agree,Agree
33463,01/01/2021,NJ,533587,,,5803,302.0,19160,17139.0,2021.0,118,0.0,01/01/2021 12:00:00 AM,Not agree,Agree
33579,09/01/2021,VA,774098,588681.0,185417.0,4256,1793.0,11880,10035.0,1845.0,19,2.0,09/02/2021 01:49:05 PM,Agree,Agree
33701,03/01/2021,NJ,792496,704362.0,88134.0,3140,503.0,23273,20942.0,2331.0,21,0.0,03/02/2021 02:54:47 PM,Agree,Agree
33904,09/01/2021,WY,76007,62572.0,13435.0,871,250.0,858,858.0,0.0,0,0.0,09/02/2021 01:49:05 PM,Agree,Agree
33929,05/01/2021,SC,579453,481637.0,97816.0,704,222.0,9557,,,14,4.0,05/01/2021 12:00:00 AM,Agree,Not agree
34006,09/01/2021,KY,581982,429275.0,152707.0,4931,1599.0,7776,6962.0,814.0,12,3.0,09/02/2021 01:49:05 PM,Agree,Agree
34033,03/01/2021,SC,524560,446554.0,78006.0,1034,262.0,8779,,,24,3.0,03/01/2021 12:00:00 AM,Agree,Not agree
34106,04/01/2021,MN,521667,,,2138,410.0,6938,6483.0,455.0,12,2.0,04/02/2021 01:56:15 PM,,Agree
34130,06/01/2021,SC,592412,489862.0,102550.0,160,39.0,9760,,,6,0.0,06/01/2021 12:00:00 AM,Agree,Not agree
34218,05/01/2021,LA,458834,,,253,78.0,10382,9464.0,918.0,0,0.0,05/02/2021 02:13:07 PM,Not agree,Agree
34258,04/01/2021,RI,137939,,,492,0.0,2632,,,3,0.0,09/10/2021 02:24:00 PM,Not agree,
34262,06/01/2021,OR,201649,201649.0,0.0,174,0.0,2674,2674.0,0.0,3,0.0,06/02/2021 02:35:40 PM,Agree,Agree
34320,08/01/2021,OR,221117,221117.0,0.0,681,0.0,2860,2860.0,0.0,1,0.0,08/02/2021 02:03:57 PM,Agree,Agree
34468,06/01/2021,FSM,1,1.0,0.0,0,0.0,0,0.0,0.0,0,0.0,06/02/2021 02:35:40 PM,Agree,Agree
34503,06/01/2021,MN,601517,,,67,8.0,7520,7017.0,503.0,1,0.0,06/02/2021 02:35:40 PM,,Agree
34505,02/01/2021,NJ,700346,626645.0,73701.0,3517,413.0,21513,19384.0,2129.0,29,0.0,02/02/2021 02:51:51 PM,Agree,Agree
34511,03/01/2021,DC,40684,,,86,0.0,1019,,,2,0.0,03/02/2021 02:54:47 PM,,
34513,06/01/2021,VA,675783,525896.0,149887.0,186,17.0,11206,9457.0,1749.0,12,4.0,06/02/2021 02:35:40 PM,Agree,Agree
34551,03/01/2021,MN,485230,,,636,112.0,6554,6215.0,339.0,3,0.0,03/02/2021 02:54:47 PM,,Agree
34598,08/01/2021,MN,613115,,,207,26.0,7765,7249.0,516.0,2,0.0,08/02/2021 02:03:57 PM,,Agree
34647,07/01/2021,OR,208834,208834.0,0.0,197,0.0,2778,2778.0,0.0,4,0.0,07/02/2021 01:55:07 PM,Agree,Agree
34655,04/01/2021,OR,165524,165524.0,0.0,512,0.0,2385,2385.0,0.0,2,0.0,04/02/2021 01:56:15 PM,Agree,Agree
34741,07/01/2021,DC,49362,,,7,0.0,1141,,,0,0.0,07/02/2021 01:55:07 PM,,
34903,05/01/2021,OR,185597,185597.0,0.0,785,0.0,2498,2498.0,0.0,3,0.0,05/02/2021 02:13:07 PM,Agree,Agree
35038,08/01/2021,AZ,929541,856546.0,72995.0,2306,260.0,18251,16270.0,1981.0,5,0.0,08/02/2021 02:03:57 PM,Agree,Agree
35067,03/01/2021,WY,54471,46147.0,8324.0,77,6.0,671,671.0,0.0,0,0.0,03/02/2021 02:54:47 PM,Agree,Agree
35093,01/01/2021,KY,280776,225008.0,55768.0,1495,353.0,4875,4405.0,470.0,49,5.0,01/03/2021 12:00:00 AM,Agree,Agree
35101,01/01/2021,SC,323467,291255.0,32212.0,5814,1255.0,5664,,,57,10.0,01/01/2021 12:00:00 AM,Agree,Not agree
35203,03/01/2021,LA,430504,,,404,105.0,9628,8941.0,687.0,20,2.0,03/02/2021 02:54:47 PM,Not agree,Agree
35220,05/01/2021,AZ,863571,800280.0,63291.0,1074,142.0,17338,15403.0,1935.0,14,3.0,05/02/2021 02:13:07 PM,Agree,Agree
35237,05/01/2021,FSM,1,1.0,0.0,0,0.0,0,0.0,0.0,0,0.0,05/02/2021 02:13:07 PM,Agree,Agree
35347,03/01/2021,AZ,818446,763277.0,55169.0,1039,55.0,15979,14100.0,1879.0,-1,-2.0,03/02/2021 02:54:47 PM,Agree,Agree
35365,08/01/2021,WY,65351,54573.0,10778.0,112,23.0,776,776.0,0.0,0,0.0,08/02/2021 02:03:57 PM,Agree,Agree
35464,04/01/2021,KY,431938,328644.0,103294.0,587,217.0,6948,6227.0,721.0,6,1.0,04/03/2021 12:00:00 AM,Agree,Agree
35544,07/01/2021,AZ,895347,826731.0,68616.0,472,72.0,17939,15976.0,1963.0,3,0.0,07/02/2021 01:55:07 PM,Agree,Agree
35545,02/01/2021,RI,115985,,,311,0.0,2358,,,8,0.0,09/10/2021 02:24:00 PM,Not agree,
35605,05/01/2021,NJ,998812,874256.0,124556.0,1589,260.0,25588,22963.0,2625.0,34,0.0,05/02/2021 02:13:07 PM,Agree,Agree
35608,05/01/2021,RI,148294,,,226,0.0,2682,,,1,0.0,09/10/2021 02:24:00 PM,Not agree,
35671,03/01/2021,FSM,1,1.0,0.0,0,0.0,0,0.0,0.0,0,0.0,03/02/2021 02:54:47 PM,Agree,Agree
35818,01/01/2021,FSM,0,0.0,0.0,0,0.0,0,0.0,0.0,0,0.0,01/02/2021 02:50:51 PM,Agree,Agree
35890,01/01/2021,DC,29252,,,269,0.0,788,,,2,0.0,01/02/2021 02:50:51 PM,,
35893,07/01/2021,SC,597690,493273.0,104417.0,195,84.0,9859,,,1,0.0,07/01/2021 12:00:00 AM,Agree,Not agree
35926,05/01/2021,WY,58191,49142.0,9049.0,49,8.0,707,707.0,0.0,0,0.0,05/02/2021 02:13:07 PM,Agree,Agree
35927,05/01/2021,MN,577524,,,1712,278.0,7247,6760.0,487.0,10,1.0,05/02/2021 02:13:07 PM,,Agree
35977,02/01/2021,OR,143373,141653.0,1720.0,957,0.0,1958,1943.0,15.0,1,0.0,02/02/2021 02:51:51 PM,Agree,Agree
35990,03/01/2021,VA,578559,455578.0,122981.0,1385,542.0,8943,7674.0,1269.0,160,16.0,03/02/2021 02:54:47 PM,Agree,Agree
36039,04/01/2021,DC,44656,,,143,0.0,1066,,,2,0.0,04/02/2021 01:56:15 PM,,
